[{"model": "products.category", "pk": 1, "fields": {"name": "Indoor", "friendly_name": "Indoor"}}, {"model": "products.category", "pk": 2, "fields": {"name": "People", "friendly_name": "People"}}, {"model": "products.category", "pk": 3, "fields": {"name": "street_art", "friendly_name": "Street Art"}}, {"model": "products.product", "pk": 20, "fields": {"category": 1, "sku": "1", "name": "Room Indoor Print", "description": "Location: Tapachula, Chiapas, Mexico.\r\n\r\n\r\nAnalog film camera.", "image": "print_indoor_tapachula_chiapas_mexico.jpg"}}, {"model": "products.product", "pk": 21, "fields": {"category": 3, "sku": "2", "name": "Prison Street Art Print", "description": "Location: Los Angeles, California, United States.\r\n\r\n\r\nAnalog film camera.", "image": "print_street_art_los_angeles_california_usa.jpg"}}, {"model": "products.product", "pk": 22, "fields": {"category": 3, "sku": "3", "name": "Car Street Art Print", "description": "Location: Tijuana, Mexico.\r\n\r\n\r\nAnalog film camera.", "image": "print_street_art_tijuana_mexico.jpg"}}, {"model": "products.product", "pk": 23, "fields": {"category": 3, "sku": "5", "name": "Parking Street Art Print", "description": "Location: Los Angeles, California, United States.\r\n\r\n\r\nAnalog film camera.", "image": "print_street_art_los_angeles_california.jpg"}}, {"model": "products.product", "pk": 24, "fields": {"category": 3, "sku": "4", "name": "Hotel Street Art Print", "description": "Location: Westin Hotel, Los Angeles, California, United States.\r\n\r\n\r\nAnalog film camera.", "image": "print_street_art_the_westin_hotel_los_angeles_california.jpg"}}, {"model": "products.product", "pk": 25, "fields": {"category": 2, "sku": "6", "name": "Refugees People Print", "description": "Location: Detention center, Chiapas, Mexico.\r\n\r\n\r\nAnalog film camera.", "image": "print_people_refugees_detention_center_chiapas_mexico.jpg"}}, {"model": "products.product", "pk": 26, "fields": {"category": 2, "sku": "7", "name": "Street Food Print", "description": "Location: Chiapas, Mexico.\r\n\r\n\r\nAnalog film camera.", "image": "print_people_chiapas_mexico.jpg"}}, {"model": "products.product", "pk": 27, "fields": {"category": 1, "sku": "8", "name": "Living Room Indoor Print", "description": "Location: Chiapas, Mexico.\r\nAnalog film camera.", "image": "print_indoor_chiapas_mexico.jpg"}}, {"model": "products.size", "pk": 1, "fields": {"name": "A3 (29.7 x 42 cm)"}}, {"model": "products.size", "pk": 2, "fields": {"name": "A4 (21 x 29.7 cm)"}}, {"model": "products.paper", "pk": 1, "fields": {"name": "Canson Infinity Edition Etching Rag 310 gr"}}, {"model": "products.paper", "pk": 2, "fields": {"name": "Canson Infinity Rag Photographique 310 gr"}}, {"model": "products.productspec", "pk": 44, "fields": {"product": 20, "size": 1, "paper": 1, "price": 100}}, {"model": "products.productspec", "pk": 45, "fields": {"product": 20, "size": 1, "paper": 2, "price": 100}}, {"model": "products.productspec", "pk": 46, "fields": {"product": 20, "size": 2, "paper": 1, "price": 70}}, {"model": "products.productspec", "pk": 47, "fields": {"product": 20, "size": 2, "paper": 2, "price": 70}}, {"model": "products.productspec", "pk": 48, "fields": {"product": 21, "size": 1, "paper": 1, "price": 100}}, {"model": "products.productspec", "pk": 49, "fields": {"product": 21, "size": 1, "paper": 2, "price": 100}}, {"model": "products.productspec", "pk": 50, "fields": {"product": 21, "size": 2, "paper": 1, "price": 70}}, {"model": "products.productspec", "pk": 51, "fields": {"product": 21, "size": 2, "paper": 2, "price": 70}}, {"model": "products.productspec", "pk": 52, "fields": {"product": 22, "size": 1, "paper": 1, "price": 100}}, {"model": "products.productspec", "pk": 53, "fields": {"product": 22, "size": 1, "paper": 2, "price": 100}}, {"model": "products.productspec", "pk": 54, "fields": {"product": 22, "size": 2, "paper": 1, "price": 70}}, {"model": "products.productspec", "pk": 55, "fields": {"product": 22, "size": 2, "paper": 2, "price": 70}}, {"model": "products.productspec", "pk": 56, "fields": {"product": 23, "size": 1, "paper": 1, "price": 100}}, {"model": "products.productspec", "pk": 57, "fields": {"product": 23, "size": 1, "paper": 2, "price": 100}}, {"model": "products.productspec", "pk": 58, "fields": {"product": 23, "size": 2, "paper": 1, "price": 70}}, {"model": "products.productspec", "pk": 59, "fields": {"product": 23, "size": 2, "paper": 2, "price": 70}}, {"model": "products.productspec", "pk": 60, "fields": {"product": 24, "size": 1, "paper": 1, "price": 100}}, {"model": "products.productspec", "pk": 61, "fields": {"product": 24, "size": 1, "paper": 2, "price": 100}}, {"model": "products.productspec", "pk": 62, "fields": {"product": 24, "size": 2, "paper": 1, "price": 70}}, {"model": "products.productspec", "pk": 63, "fields": {"product": 24, "size": 2, "paper": 2, "price": 70}}, {"model": "products.productspec", "pk": 64, "fields": {"product": 25, "size": 1, "paper": 1, "price": 100}}, {"model": "products.productspec", "pk": 65, "fields": {"product": 25, "size": 1, "paper": 2, "price": 100}}, {"model": "products.productspec", "pk": 66, "fields": {"product": 25, "size": 2, "paper": 1, "price": 70}}, {"model": "products.productspec", "pk": 67, "fields": {"product": 25, "size": 2, "paper": 2, "price": 70}}, {"model": "products.productspec", "pk": 68, "fields": {"product": 26, "size": 1, "paper": 1, "price": 100}}, {"model": "products.productspec", "pk": 69, "fields": {"product": 26, "size": 1, "paper": 2, "price": 100}}, {"model": "products.productspec", "pk": 70, "fields": {"product": 26, "size": 2, "paper": 1, "price": 70}}, {"model": "products.productspec", "pk": 71, "fields": {"product": 26, "size": 2, "paper": 2, "price": 70}}, {"model": "products.productspec", "pk": 72, "fields": {"product": 27, "size": 1, "paper": 1, "price": 100}}, {"model": "products.productspec", "pk": 73, "fields": {"product": 27, "size": 1, "paper": 2, "price": 100}}, {"model": "products.productspec", "pk": 74, "fields": {"product": 27, "size": 2, "paper": 1, "price": 70}}, {"model": "products.productspec", "pk": 75, "fields": {"product": 27, "size": 2, "paper": 2, "price": 70}}]